{"loss": [0.6889657974243164, 0.6886312365531921, 0.6838462948799133, 0.6865584850311279, 0.6689563393592834, 0.6761889457702637, 0.6681176424026489, 0.6745725870132446, 0.6695671677589417, 0.658435046672821, 0.6686182022094727, 0.6483349800109863, 0.6464387774467468, 0.6431014537811279, 0.6431821584701538], "accuracy": [0.5764966607093811, 0.5787139534950256, 0.5942350625991821, 0.5631929039955139, 0.5898004174232483, 0.5809312462806702, 0.5875831246376038, 0.5898004174232483, 0.5942350625991821, 0.6274944543838501, 0.623059868812561, 0.623059868812561, 0.6319290399551392, 0.6385809183120728, 0.6341463327407837], "val_loss": [0.701387882232666, 0.6828426122665405, 0.6922550201416016, 0.6986051797866821, 0.6779041290283203, 0.6641513109207153, 0.6591918468475342, 0.6601768136024475, 0.6486397385597229, 0.6364021897315979, 0.6536315679550171, 0.6347064971923828, 0.6048970222473145, 0.6353499889373779, 0.5868239402770996], "val_accuracy": [0.5, 0.7421875, 0.5, 0.5, 0.5, 0.7109375, 0.6953125, 0.6015625, 0.6484375, 0.8046875, 0.5703125, 0.640625, 0.75, 0.5703125, 0.7890625]}